{
  "projectType": [
    "sap.watt.uitools.ide.fiori",
    "com.watt.common.builder.sapui5clientbuild",
    "com.sap.webide.hybrid.cordova"
  ],
  "build": {
    "targetFolder": "dist",
    "sourceFolder": "webapp",
    "excludedFolders": [
      "test"
    ],
    "excludedFiles": [
      "test.html"
    ],
    "buildRequired": true,
    "lastBuildDateTime": "Thu, 11 Jan 2018 19:30:10 GMT"
  },
  "dataBinding": {
    "/webapp/view/App.view.xml": {
      "entitySet": "UNBINDKEY"
    },
    "/webapp/view/NotFound.view.xml": {
      "entitySet": "UNBINDKEY"
    },
    "/webapp/view/ObjectNotFound.view.xml": {
      "entitySet": "UNBINDKEY"
    },
    "/webapp/view/Worklist.view.xml": {
      "entitySet": "FieldEventExtSet"
    },
    "/webapp/view/Object.view.xml": {
      "entitySet": "FieldEventExtSet"
    }
  },
  "generation": [
    {
      "templateId": "sap.ui.ui5-template-plugin.1worklist",
      "templateVersion": "1.44.6",
      "dateTimeStamp": "Thu, 24 Aug 2017 20:19:26 GMT"
    },
    {
      "templateId": "ui5template.basicSAPUI5ApplicationComponent",
      "templateVersion": "1.4.0",
      "dateTimeStamp": "Thu, 24 Aug 2017 20:29:50 GMT"
    }
  ],
  "translation": {
    "translationDomain": "",
    "supportedLanguages": "en",
    "defaultLanguage": "en",
    "defaultI18NPropertyFile": "i18n.properties",
    "resourceModelName": "i18n"
  },
  "mockpreview": {
    "mockUri": "/sap/opu/odata/sap/ZFIELDEVENT_SRV/",
    "metadataFilePath": "localService/metadata.xml",
    "loadJSONFiles": false,
    "loadCustomRequests": false,
    "mockRequestsFilePath": ""
  },
  "basevalidator": {
    "services": {
      "xml": "fioriXmlAnalysis",
      "js": "fioriJsValidator"
    }
  },
  "codeCheckingTriggers": {
    "notifyBeforePush": true,
    "notifyBeforePushLevel": "Error",
    "blockPush": false,
    "blockPushLevel": "Error"
  },
  "hybrid": {
    "backendDestination": "MI",
    "hatVersion": "1.28.0",
    "appNamespace": "technipfmc.gfe",
    "oDataConfigs": [
      {
        "hybridOdata": {
          "name": "mainService",
          "serviceUrl": "https://mobile-b39fd85b0.us1.hana.ondemand.com:443/com.technipfmc.glbfldevt/"
        },
        "originOdata": {
          "name": "mainService",
          "serviceUrl": "/sap/opu/odata/sap/ZFIELDEVENT_SRV/"
        },
        "oDataType": "smpodata"
      }
    ],
    "FacadeConfig": {
      "cordova-plugin-device-orientation": false,
      "accelerometer": {},
      "compass": {},
      "bFacade": true
    },
    "appname": "GlobalFieldEvents",
    "appid": "com.technipfmc.glbfldevt",
    "appdesc": "Global Field Events",
    "appversion": "0.0.1",
    "debugMode": true,
    "appIcon": {
      "defaultIcon": "",
      "defaultIconData": "",
      "ios": {
        "ios8Iphone": "",
        "ios7Iphone": "",
        "ios7Ipad": "",
        "ios61Iphone": "",
        "ios61Ipad": ""
      },
      "android": {
        "ldpi": "",
        "mdpi": "",
        "hdpi": "",
        "xhdpi": ""
      },
      "windows": {
        "s44": "",
        "s71": "",
        "s106": "",
        "s150": "",
        "s50": "",
        "w310": ""
      },
      "windows10": {
        "s44": "",
        "s71": "",
        "s106": "",
        "s150": "",
        "s50": "",
        "w310": ""
      }
    },
    "appSplash": {
      "enable": true,
      "defaultLSplashData": "",
      "defaultPSplashData": "",
      "delayTime": "1000",
      "ios": {
        "iphone": "",
        "iphone2x": "",
        "portIpad": "",
        "portIpad2x": "",
        "landIpad": "",
        "landIpad2x": "",
        "iphone52x": "",
        "iphone6": "",
        "iphone6plus": ""
      },
      "android": {
        "landhdpi": "",
        "porthdpi": "",
        "landldpi": "",
        "portldpi": "",
        "landmdpi": "",
        "portmdpi": "",
        "landxhdpi": "",
        "portxhdpi": ""
      },
      "windows": {
        "s100": "",
        "s140": "",
        "s240": ""
      },
      "windows10": {
        "s100": "",
        "s140": "",
        "s240": ""
      }
    },
    "kapselLogon": {
      "type": "",
      "logo": "",
      "logoText": "",
      "background": "",
      "disablePasscode": false,
      "hideLogoCopyright": false
    },
    "useAppDescriptor4UI5Libs": false,
    "localBuild": {
      "useCustomLib": false,
      "customLibFile": ""
    },
    "cloudBuild": {
      "androidSigning": "33ce7f3cef4b4e0b08f30505f12c907f",
      "iosSigning": "",
      "clearCache": false,
      "tiles": "single",
      "applications": [
        {
          "name": "glblfieldevent",
          "id": "technipfmc.gfe",
          "title": "Global Field Events",
          "subtitle": ""
        }
      ],
      "push": false,
      "androidPlatformId": 305001,
      "iosPlatformId": 108101,
      "verboseLogs": false,
      "downloadProject": false,
      "disablePrivacyScreen": false,
      "offlineIni": ""
    },
    "msType": 0,
    "server": "",
    "port": "",
    "hcpmsServer": "mobile-b39fd85b0.us1.hana.ondemand.com",
    "hybridRevision": "1",
    "mime": {
      "path": "",
      "root": ""
    },
    "platform": {
      "ios": {
        "selected": true,
        "preferences": {
          "Fullscreen": false,
          "Orientation": "all",
          "EnableViewportScale": false,
          "UrlScheme": ""
        }
      },
      "android": {
        "selected": false,
        "preferences": {
          "Fullscreen": false,
          "Orientation": "default",
          "ShowTitle": false,
          "LogLevel": "VERBOSE",
          "LoadUrlTimeout": "80000",
          "UrlScheme": ""
        }
      },
      "windows": {
        "selected": false,
        "preferences": {
          "Fullscreen": false,
          "Orientation": "default",
          "ShowTitle": false,
          "LogLevel": ""
        },
        "preferencesWin10": {
          "Fullscreen": false,
          "Orientation": "default",
          "ShowTitle": false,
          "LogLevel": ""
        }
      }
    },
    "plugins": {
      "cordova": {
        "device": {
          "selected": false,
          "registry": "cordova-plugin-device",
          "localBuild": true
        },
        "network": {
          "selected": true,
          "registry": "cordova-plugin-network-information",
          "localBuild": true
        },
        "battery": {
          "selected": false,
          "registry": "cordova-plugin-battery-status",
          "localBuild": true
        },
        "accelerometer": {
          "selected": false,
          "registry": "cordova-plugin-device-motion",
          "localBuild": true
        },
        "compass": {
          "selected": false,
          "registry": "cordova-plugin-device-orientation",
          "localBuild": true
        },
        "geolocation": {
          "selected": false,
          "registry": "cordova-plugin-geolocation",
          "localBuild": true
        },
        "camera": {
          "selected": true,
          "registry": "cordova-plugin-camera",
          "localBuild": true
        },
        "capture": {
          "selected": false,
          "registry": "cordova-plugin-media-capture",
          "localBuild": true
        },
        "media": {
          "selected": false,
          "registry": "cordova-plugin-media",
          "localBuild": true
        },
        "file": {
          "selected": true,
          "registry": "cordova-plugin-file",
          "localBuild": true
        },
        "transfer": {
          "selected": false,
          "registry": "cordova-plugin-file-transfer",
          "localBuild": true
        },
        "dialogs": {
          "selected": false,
          "registry": "cordova-plugin-dialogs",
          "localBuild": true
        },
        "vibration": {
          "selected": false,
          "registry": "cordova-plugin-vibration",
          "localBuild": true
        },
        "contacts": {
          "selected": false,
          "registry": "cordova-plugin-contacts",
          "localBuild": true
        },
        "globalization": {
          "selected": false,
          "registry": "cordova-plugin-globalization",
          "localBuild": true
        },
        "splashscreen": {
          "selected": false,
          "registry": "cordova-plugin-splashscreen",
          "localBuild": true
        },
        "inappbrowser": {
          "selected": false,
          "registry": "cordova-plugin-inappbrowser",
          "localBuild": true
        },
        "console": {
          "selected": false,
          "registry": "cordova-plugin-console",
          "localBuild": true
        },
        "statusbar": {
          "selected": true,
          "registry": "cordova-plugin-statusbar",
          "localBuild": true
        }
      },
      "kapsel": {
        "logon": {
          "selected": true,
          "registry": "kapsel-plugin-logon",
          "localBuild": true
        },
        "appupdate": {
          "selected": false,
          "registry": "kapsel-plugin-appupdate",
          "localBuild": true
        },
        "logger": {
          "selected": true,
          "registry": "kapsel-plugin-logger",
          "localBuild": true
        },
        "settings": {
          "selected": false,
          "registry": "kapsel-plugin-settings",
          "localBuild": true
        },
        "push": {
          "selected": false,
          "registry": "kapsel-plugin-push",
          "localBuild": true
        },
        "encryptedstorage": {
          "selected": false,
          "registry": "kapsel-plugin-encryptedstorage",
          "localBuild": true
        },
        "authproxy": {
          "selected": false,
          "registry": "kapsel-plugin-authproxy",
          "localBuild": true
        },
        "barcode": {
          "selected": false,
          "registry": "kapsel-plugin-barcodescanner",
          "localBuild": true
        },
        "odata": {
          "selected": true,
          "registry": "kapsel-plugin-odata",
          "localBuild": true
        },
        "e2etrace": {
          "selected": false,
          "registry": "kapsel-plugin-e2etrace",
          "localBuild": true
        },
        "calendar": {
          "selected": false,
          "registry": "nl.x-services.plugins.calendar",
          "localBuild": true
        },
        "voicerecord": {
          "selected": false,
          "registry": "kapsel-plugin-voicerecording",
          "localBuild": true
        },
        "attachmentviewer": {
          "selected": true,
          "registry": "kapsel-plugin-attachmentviewer",
          "localBuild": true
        },
        "printer": {
          "selected": false,
          "registry": "de.appplant.cordova.plugin.printer",
          "localBuild": true
        }
      },
      "custom": {}
    },
    "SelectedPlugins": []
  },
  "deploy": {
    "destination": "MIB",
    "name": "ZGFE_FIELDEVT"
  },
  "hcpdeploy": {
    "account": "b39fd85b0",
    "name": "glblfieldevent",
    "lastVersionWeTriedToDeploy": "1.0.2"
  }
}