{
  "run": [
    {
      "filePath": "/GlblFieldEvent/webapp/test/flpSandbox.html",
      "previewMode": 1,
      "dataMode": 1,
      "workspace": "withoutWorkspace",
      "urlParameters": [
        {
          "paramName": "",
          "paramValue": "",
          "paramActive": false
        },
        {
          "paramName": "",
          "paramValue": "",
          "paramActive": false
        }
      ],
      "hashParameter": "GlobalFieldEventResolutionProcess-display",
      "ui5ActiveVersion": null,
      "ui5VerSource": null,
      "isDefaultVersion": 1,
      "_metadata": {
        "id": 1978925,
        "runnerId": "webapprunner",
        "displayName": "App in FLP Sandbox",
        "lastRunTimeStamp": 1519316098978
      }
    },
    {
      "filePath": "/GlblFieldEvent/webapp/test/testsuite.qunit.html",
      "previewMode": 1,
      "dataMode": 1,
      "workspace": "withoutWorkspace",
      "ui5ActiveVersion": null,
      "ui5VerSource": null,
      "isDefaultVersion": 1,
      "urlParameters": [
        {
          "paramName": "",
          "paramValue": "",
          "paramActive": false
        },
        {
          "paramName": "",
          "paramValue": "",
          "paramActive": false
        }
      ],
      "hashParameter": "",
      "_metadata": {
        "id": 7524840,
        "runnerId": "webapprunner",
        "displayName": "Test Suite (Unit, OPA)",
        "lastRunTimeStamp": 1517860919014
      }
    },
    {
      "filePath": "/GlblFieldEvent/webapp/test/integration/opaTests.qunit.html",
      "previewMode": 1,
      "dataMode": 1,
      "workspace": "withoutWorkspace",
      "ui5ActiveVersion": null,
      "ui5VerSource": null,
      "isDefaultVersion": 1,
      "urlParameters": [
        {
          "paramName": "",
          "paramValue": "",
          "paramActive": false
        },
        {
          "paramName": "",
          "paramValue": "",
          "paramActive": false
        }
      ],
      "hashParameter": "",
      "_metadata": {
        "id": 3635224,
        "runnerId": "webapprunner",
        "displayName": "OPA Tests",
        "lastRunTimeStamp": 1517428333691
      }
    },
    {
      "filePath": "/GlblFieldEvent/webapp/test/unit/unitTests.qunit.html",
      "previewMode": 1,
      "dataMode": 1,
      "workspace": "withoutWorkspace",
      "ui5ActiveVersion": null,
      "ui5VerSource": null,
      "isDefaultVersion": 1,
      "urlParameters": [
        {
          "paramName": "",
          "paramValue": "",
          "paramActive": false
        },
        {
          "paramName": "",
          "paramValue": "",
          "paramActive": false
        }
      ],
      "_metadata": {
        "id": 8735167,
        "runnerId": "webapprunner",
        "displayName": "Unit Tests",
        "lastRunTimeStamp": 1517426823366
      }
    },
    {
      "filePath": "/webapp/index.html",
      "previewMode": 0,
      "dataMode": 1,
      "workspace": "withoutWorkspace",
      "ui5ActiveVersion": null,
      "ui5VerSource": null,
      "isDefaultVersion": 0,
      "urlParameters": [
        {
          "paramName": "",
          "paramValue": ""
        }
      ],
      "hashParameter": "",
      "backendSystem": [],
      "urlParametersNotNeeded": false,
      "_metadata": {
        "id": 4940135,
        "runnerId": "webapprunner",
        "displayName": "Configuration",
        "lastRunTimeStamp": 1510765133152
      }
    },
    {
      "filePath": "/GlblFieldEvent/webapp/test/flpSandboxMockServer.html",
      "previewMode": 1,
      "dataMode": 1,
      "workspace": "withoutWorkspace",
      "urlParameters": [
        {
          "paramName": "",
          "paramValue": "",
          "paramActive": false
        },
        {
          "paramName": "",
          "paramValue": "",
          "paramActive": false
        }
      ],
      "hashParameter": "GlobalFieldEventResolutionProcess-display",
      "ui5ActiveVersion": null,
      "ui5VerSource": null,
      "isDefaultVersion": 1,
      "_metadata": {
        "id": 1978926,
        "runnerId": "webapprunner",
        "displayName": "App in FLP Sandbox (Mock Server)",
        "lastRunTimeStamp": 1503608011125
      }
    },
    {
      "filePath": "/GlblFieldEvent/webapp/Component.js",
      "previewMode": 1,
      "dataMode": 1,
      "workspace": "withoutWorkspace",
      "ui5ActiveVersion": null,
      "ui5VerSource": null,
      "isDefaultVersion": 1,
      "urlParameters": [
        {
          "paramName": "",
          "paramValue": "",
          "paramActive": false
        },
        {
          "paramName": "",
          "paramValue": "",
          "paramActive": false
        }
      ],
      "hashParameter": "",
      "_metadata": {
        "id": 5239014,
        "runnerId": "fiorirunner",
        "displayName": "App as Fiori Component",
        "lastRunTimeStamp": 1505243335033
      }
    }
  ],
  "hybrid": {
    "dirty": true,
    "configSaved": true,
    "cordovaContainerId": "176295ce7b357fa88cc00ec4cf82dc6f",
    "cordovaPackageId": "44a8960c7bf70aacd42c0aee51668bca",
    "commonError": "",
    "callStart": "2017-12-18T16:58:00.405Z",
    "packagingEnd": "2017-12-18T17:00:30.386Z",
    "packagingStart": "2017-12-18T16:58:21.844Z",
    "results": {
      "ios": {},
      "android": {
        "requested": true,
        "buildStart": "2017-12-18T17:00:30.386Z",
        "errorMessage": "",
        "error": "",
        "done": true,
        "appId": "3036a0d6ca61a6c7c7e3ef3c65c716f0",
        "appVersion": "1.0",
        "downloadPath": "https://us1-b39fd85b0.sapmobileplace.com/public-api.svc/download/3036a0d6ca61a6c7c7e3ef3c65c716f0%3Fhmac%3D91d7a4e89db0f9d374291a4ac53bb6cca64f5eb5373ea0e2f8fbc1bd94f03c05%26expires%3D2018-01-17T17%3A04%3A06%2B00%3A00%26logToken%3De09c79a11f14e9de59472413796a3f05"
      }
    },
    "hcpmsAppId": "com.sap.fiorimobile.x176295ce7b357fa88cc00ec4cf82dc6f"
  }
}