{
    "application": {
        "id": "",
        "title": "technipfmc.gfe.GlblFieldEvent",
        "description": "Global Field Events",
        "type": "SAP_UI5_Component",
        "componentUrl": "/",
        "appUrl": "#GlblFieldEvent-Display",
        "navigationComponentName": "technipfmc.gfe",
        "intentSemanticObject": "GlblFieldEvent",
        "intentAction": "Display",
        "html5ApplicationName": "glblfieldevent",
        "HCPParentApplicationName": ""
    },
    "assignment": {
        "groups": [
            "95c2d536-10ca-4636-bd0f-0fdb9ea3aeb3"
        ],
        "contentPackages": [
            "900b7a74-5ca0-483d-97ef-ee5d9af7819b"
        ],
        "categories": []
    },
    "tile": {
        "type": "StaticTile",
        "title": "Global Field Events",
        "subtitle": "",
        "searchKeywords": "Global Field Events,",
        "displayIconUrl": "sap-icon://approvals",
        "displayInfoText": "",
        "size": "1x1",
        "serviceURL": "",
        "refreshInterval": ""
    }
}