<edmx:Edmx
    xmlns:edmx="http://schemas.microsoft.com/ado/2007/06/edmx"
    xmlns:m="http://schemas.microsoft.com/ado/2007/08/dataservices/metadata"
    xmlns:sap="http://www.sap.com/Protocols/SAPData" Version="1.0">
    <edmx:DataServices m:DataServiceVersion="2.0">
        <Schema
            xmlns="http://schemas.microsoft.com/ado/2008/09/edm" Namespace="ZFIELDEVENT_SRV" xml:lang="en" sap:schema-version="1">
            <EntityType Name="FieldEventExt" sap:content-version="1">
                <Key>
                    <PropertyRef Name="Guid"/>
                </Key>
                <Property Name="EventDesc" Type="ZFIELDEVENT_SRV.TextDet" Nullable="false"/>
                <Property Name="Procedure" Type="ZFIELDEVENT_SRV.ProcDet" Nullable="false"/>
                <Property Name="Observer" Type="ZFIELDEVENT_SRV.PartnerDet" Nullable="false"/>
                <Property Name="ClientPrtnr" Type="ZFIELDEVENT_SRV.PartnerDet" Nullable="false"/>
                <Property Name="ProjectPrtnr" Type="ZFIELDEVENT_SRV.PartnerDet" Nullable="false"/>
                <Property Name="EvtCorrDesc" Type="ZFIELDEVENT_SRV.TextDet" Nullable="false"/>
                <Property Name="Guid" Type="Edm.Guid" Nullable="false" sap:label="Object GUID" sap:creatable="false" sap:updatable="false" sap:sortable="false" sap:filterable="false"/>
                <Property Name="ObjectId" Type="Edm.String" Nullable="false" MaxLength="10" sap:label="Transaction No." sap:creatable="false" sap:updatable="false" sap:sortable="false" sap:filterable="false"/>
                <Property Name="ProcessType" Type="Edm.String" Nullable="false" MaxLength="4" sap:label="Transaction Type" sap:creatable="false" sap:updatable="false" sap:sortable="false" sap:filterable="false"/>
                <Property Name="PostingDate" Type="Edm.DateTime" Precision="0" sap:label="Posting Date" sap:creatable="false" sap:updatable="false" sap:sortable="false" sap:filterable="false"/>
                <Property Name="Description" Type="Edm.String" Nullable="false" MaxLength="40" sap:label="Description" sap:creatable="false" sap:updatable="false" sap:sortable="false" sap:filterable="false"/>
                <Property Name="DescrLanguage" Type="Edm.String" Nullable="false" MaxLength="1" sap:label="Language" sap:creatable="false" sap:updatable="false" sap:sortable="false" sap:filterable="false"/>
                <Property Name="LogicalSystem" Type="Edm.String" Nullable="false" MaxLength="10" sap:label="Logical System" sap:creatable="false" sap:updatable="false" sap:sortable="false" sap:filterable="false"/>
                <Property Name="CreatedAt" Type="Edm.DateTime" Precision="0" sap:label="Created At" sap:creatable="false" sap:updatable="false" sap:sortable="false" sap:filterable="false"/>
                <Property Name="CreatedBy" Type="Edm.String" Nullable="false" MaxLength="12" sap:label="Created By" sap:creatable="false" sap:updatable="false" sap:sortable="false" sap:filterable="false"/>
                <Property Name="ChangedAt" Type="Edm.DateTime" Precision="0" sap:label="Changed At" sap:creatable="false" sap:updatable="false" sap:sortable="false" sap:filterable="false"/>
                <Property Name="ChangedBy" Type="Edm.String" Nullable="false" MaxLength="12" sap:label="Changed By" sap:creatable="false" sap:updatable="false" sap:sortable="false" sap:filterable="false"/>
                <Property Name="ZzorderadmH1109" Type="Edm.String" Nullable="false" MaxLength="30" sap:label="Failed Component Equipment Number" sap:creatable="false" sap:updatable="false" sap:sortable="false" sap:filterable="false"/>
                <Property Name="Zzafld000000" Type="Edm.String" Nullable="false" MaxLength="60" sap:label="Rig, Platform, or Vessel Name" sap:creatable="false" sap:updatable="false" sap:sortable="false" sap:filterable="false"/>
                <Property Name="Zzafld000001" Type="Edm.String" Nullable="false" MaxLength="60" sap:label="Yard or Shop Location Name" sap:creatable="false" sap:updatable="false" sap:sortable="false" sap:filterable="false"/>
                <Property Name="Zzafld000002" Type="Edm.String" Nullable="false" MaxLength="60" sap:label="Well Location (if applicable)" sap:creatable="false" sap:updatable="false" sap:sortable="false" sap:filterable="false"/>
                <Property Name="Zzafld000003" Type="Edm.String" Nullable="false" MaxLength="2" sap:label="Country" sap:creatable="false" sap:updatable="false" sap:sortable="false" sap:filterable="false"/>
                <Property Name="Zzafld000004" Type="Edm.String" Nullable="false" MaxLength="60" sap:label="Phase in which Event occurred" sap:creatable="false" sap:updatable="false" sap:sortable="false" sap:filterable="false"/>
                <Property Name="Zzafld000005" Type="Edm.String" Nullable="false" MaxLength="1" sap:label="Potential HSE Event?" sap:creatable="false" sap:updatable="false" sap:sortable="false" sap:filterable="false"/>
                <Property Name="Zzafld000007" Type="Edm.String" Nullable="false" MaxLength="60" sap:label="MOC in place when Event occurred?" sap:creatable="false" sap:updatable="false" sap:sortable="false" sap:filterable="false"/>
                <Property Name="Zzafld000008" Type="Edm.String" Nullable="false" MaxLength="1" sap:label="Event or nonconformance already fixed?" sap:creatable="false" sap:updatable="false" sap:sortable="false" sap:filterable="false"/>
                <Property Name="Zzafld00000c" Type="Edm.DateTime" Precision="0" sap:label="Date Event fixed" sap:creatable="false" sap:updatable="false" sap:sortable="false" sap:filterable="false"/>
                <Property Name="Zzafld00000d" Type="Edm.Time" Precision="0" sap:label="Time Event fixed" sap:creatable="false" sap:updatable="false" sap:sortable="false" sap:filterable="false"/>
                <Property Name="Zzafld00000e" Type="Edm.String" Nullable="false" MaxLength="1" sap:label="Onshore Services support required?" sap:creatable="false" sap:updatable="false" sap:sortable="false" sap:filterable="false"/>
                <Property Name="Zzafld00000f" Type="Edm.String" Nullable="false" MaxLength="60" sap:label="Engineer or Lead Technician at Event" sap:creatable="false" sap:updatable="false" sap:sortable="false" sap:filterable="false"/>
                <Property Name="Zzafld00000g" Type="Edm.String" Nullable="false" MaxLength="60" sap:label="Observer Contact Phone #" sap:creatable="false" sap:updatable="false" sap:sortable="false" sap:filterable="false"/>
                <Property Name="Zzafld00000h" Type="Edm.String" Nullable="false" MaxLength="60" sap:label="Observer Email" sap:creatable="false" sap:updatable="false" sap:sortable="false" sap:filterable="false"/>
                <Property Name="Zzafld00000i" Type="Edm.String" Nullable="false" MaxLength="60" sap:label="SO / PO" sap:creatable="false" sap:updatable="false" sap:sortable="false" sap:filterable="false"/>
                <Property Name="Zzafld00000j" Type="Edm.String" Nullable="false" MaxLength="1" sap:label="Weather conditions a factor in Event?" sap:creatable="false" sap:updatable="false" sap:sortable="false" sap:filterable="false"/>
                <Property Name="Zzafld00000m" Type="Edm.String" Nullable="false" MaxLength="60" sap:label="Accepted DT/NPT (if knonwn)" sap:creatable="false" sap:updatable="false" sap:sortable="false" sap:filterable="false"/>
                <Property Name="Zzafld000021" Type="Edm.String" Nullable="false" MaxLength="1" sap:label="Procedure being followed?" sap:creatable="false" sap:updatable="false" sap:sortable="false" sap:filterable="false"/>
                <Property Name="Zzafld000022" Type="Edm.String" Nullable="false" MaxLength="1" sap:label="Did Event impact critical path operations?" sap:creatable="false" sap:updatable="false" sap:sortable="false" sap:filterable="false"/>
                <Property Name="Zzafld000027" Type="Edm.String" Nullable="false" MaxLength="40" sap:label="Project" sap:creatable="false" sap:updatable="false" sap:sortable="false" sap:filterable="false"/>
                <Property Name="Zzafld00003h" Type="Edm.String" Nullable="false" MaxLength="40" sap:label="Failed Component Part Description" sap:creatable="false" sap:updatable="false" sap:sortable="false" sap:filterable="false"/>
                <Property Name="Zzafld00003i" Type="Edm.String" Nullable="false" MaxLength="40" sap:label="Assembly Equipment Number Description" sap:creatable="false" sap:updatable="false" sap:sortable="false" sap:filterable="false"/>
                <Property Name="Zzafld00003k" Type="Edm.String" Nullable="false" MaxLength="20" sap:label="WBS" sap:creatable="false" sap:updatable="false" sap:sortable="false" sap:filterable="false"/>
                <Property Name="Zzafld00003m" Type="Edm.String" Nullable="false" MaxLength="20" sap:label="Failed Component Serial Number" sap:creatable="false" sap:updatable="false" sap:sortable="false" sap:filterable="false"/>
                <Property Name="Zzfld000002" Type="Edm.String" Nullable="false" MaxLength="1" sap:label="Equipment received in incorrect configuration?" sap:creatable="false" sap:updatable="false" sap:sortable="false" sap:filterable="false"/>
                <Property Name="Zzfld00001p" Type="Edm.DateTime" Precision="0" sap:label="Date of Input" sap:creatable="false" sap:updatable="false" sap:sortable="false" sap:filterable="false"/>
                <Property Name="Zzfld00001q" Type="Edm.Time" Precision="0" sap:label="Time of input" sap:creatable="false" sap:updatable="false" sap:sortable="false" sap:filterable="false"/>
                <Property Name="Zzfld00001r" Type="Edm.DateTime" Precision="0" sap:label="Date of event" sap:creatable="false" sap:updatable="false" sap:sortable="false" sap:filterable="false"/>
                <Property Name="Zzfld00001s" Type="Edm.Time" Precision="0" sap:label="Time of event" sap:creatable="false" sap:updatable="false" sap:sortable="false" sap:filterable="false"/>
                <Property Name="Zzfld00001t" Type="Edm.String" Nullable="false" MaxLength="60" sap:label="Name of Failed component" sap:creatable="false" sap:updatable="false" sap:sortable="false" sap:filterable="false"/>
                <Property Name="Zzfld00001u" Type="Edm.String" Nullable="false" MaxLength="60" sap:label="Failed Component TechnipFMC PN" sap:creatable="false" sap:updatable="false" sap:sortable="false" sap:filterable="false"/>
                <Property Name="Zzfld00001v" Type="Edm.String" Nullable="false" MaxLength="60" sap:label="Failed Component OEM PN" sap:creatable="false" sap:updatable="false" sap:sortable="false" sap:filterable="false"/>
                <Property Name="Zzfld00001w" Type="Edm.String" Nullable="false" MaxLength="60" sap:label="Assembly PN" sap:creatable="false" sap:updatable="false" sap:sortable="false" sap:filterable="false"/>
                <Property Name="Zzfld00001x" Type="Edm.String" Nullable="false" MaxLength="60" sap:label="Upper level Assem SN" sap:creatable="false" sap:updatable="false" sap:sortable="false" sap:filterable="false"/>
                <Property Name="Zzfld00001y" Type="Edm.String" Nullable="false" MaxLength="60" sap:label="Assembly Serial Number" sap:creatable="false" sap:updatable="false" sap:sortable="false" sap:filterable="false"/>
                <Property Name="Zzfld00001z" Type="Edm.String" Nullable="false" MaxLength="60" sap:label="Assembly PN Description" sap:creatable="false" sap:updatable="false" sap:sortable="false" sap:filterable="false"/>
                <NavigationProperty Name="FieldEvent_Attach_nav" Relationship="ZFIELDEVENT_SRV.FieldEvent_Attachment" FromRole="FromRole_FieldEvent_Attachment" ToRole="ToRole_FieldEvent_Attachment"/>
            </EntityType>
            <EntityType Name="Attachment" sap:content-version="1">
                <Key>
                    <PropertyRef Name="RefGuid"/>
                    <PropertyRef Name="ObjId"/>
                </Key>
                <Property Name="RefGuid" Type="Edm.Guid" Nullable="false" sap:label="Object GUID" sap:creatable="false" sap:updatable="false" sap:sortable="false" sap:filterable="false"/>
                <Property Name="ObjId" Type="Edm.String" Nullable="false" MaxLength="32" sap:label="Obj ID" sap:creatable="false" sap:updatable="false" sap:sortable="false" sap:filterable="false"/>
                <Property Name="FileName" Type="Edm.String" Nullable="false" MaxLength="75" sap:label="File Name" sap:creatable="false" sap:updatable="false" sap:sortable="false" sap:filterable="false"/>
                <Property Name="MimeType" Type="Edm.String" Nullable="false" MaxLength="128" sap:label="Mime Type" sap:creatable="false" sap:updatable="false" sap:sortable="false" sap:filterable="false"/>
                <Property Name="FileSize" Type="Edm.Int32" Nullable="false" sap:label="File Size" sap:creatable="false" sap:updatable="false" sap:sortable="false" sap:filterable="false"/>
                <Property Name="FileContent" Type="Edm.String" Nullable="false" sap:label="File Content" sap:creatable="false" sap:updatable="false" sap:sortable="false" sap:filterable="false"/>
            </EntityType>
            <EntityType Name="F4Codes" sap:content-version="1">
                <Key>
                    <PropertyRef Name="Katalogart"/>
                    <PropertyRef Name="FieldfixCode"/>
                    <PropertyRef Name="FieldfixCodegrp"/>
                </Key>
                <Property Name="Katalogart" Type="Edm.String" Nullable="false" MaxLength="1" sap:label="Code Type" sap:creatable="false" sap:updatable="false" sap:sortable="false" sap:filterable="false"/>
                <Property Name="FieldfixCode" Type="Edm.String" Nullable="false" MaxLength="4" sap:label="Code" sap:creatable="false" sap:updatable="false" sap:sortable="false" sap:filterable="false"/>
                <Property Name="FieldfixCodegrp" Type="Edm.String" Nullable="false" MaxLength="8" sap:label="Code Group" sap:creatable="false" sap:updatable="false" sap:sortable="false" sap:filterable="false"/>
                <Property Name="FieldfixText" Type="Edm.String" Nullable="false" MaxLength="40" sap:label="Fieldfix Text" sap:creatable="false" sap:updatable="false" sap:sortable="false" sap:filterable="false"/>
                <Property Name="FieldfixcText" Type="Edm.String" Nullable="false" MaxLength="40" sap:label="Fieldfix Text" sap:creatable="false" sap:updatable="false" sap:sortable="false" sap:filterable="false"/>
            </EntityType>
            <EntityType Name="F4Equip" sap:content-version="1">
                <Key>
                    <PropertyRef Name="ProductGuid"/>
                </Key>
                <Property Name="ProductGuid" Type="Edm.Binary" Nullable="false" sap:label="Product GUID" sap:creatable="false" sap:updatable="false" sap:sortable="false" sap:filterable="false"/>
                <Property Name="R3ident" Type="Edm.String" Nullable="false" MaxLength="40" sap:label="Technical Asset No." sap:creatable="false" sap:updatable="false" sap:sortable="false" sap:filterable="false"/>
                <Property Name="R3matId" Type="Edm.String" Nullable="false" MaxLength="40" sap:label="Material" sap:creatable="false" sap:updatable="false" sap:sortable="false" sap:filterable="false"/>
                <Property Name="R3serNo" Type="Edm.String" Nullable="false" MaxLength="18" sap:label="Serial No." sap:creatable="false" sap:updatable="false" sap:sortable="false" sap:filterable="false"/>
                <Property Name="ShortText" Type="Edm.String" Nullable="false" MaxLength="40" sap:label="Description" sap:creatable="false" sap:updatable="false" sap:sortable="false" sap:filterable="false"/>
                <Property Name="ShtextLarge" Type="Edm.String" Nullable="false" MaxLength="40" sap:label="Description" sap:creatable="false" sap:updatable="false" sap:sortable="false" sap:filterable="false"/>
            </EntityType>
            <EntityType Name="F4User" sap:content-version="1">
                <Key>
                    <PropertyRef Name="uname"/>
                </Key>
                <Property Name="bupakey" Type="Edm.String" Nullable="false" MaxLength="10" sap:label="BusinessPartner" sap:creatable="false" sap:updatable="false" sap:sortable="false" sap:filterable="false"/>
                <Property Name="PARTNROLE" Type="Edm.String" Nullable="false" MaxLength="6" sap:label="BP role" sap:creatable="false" sap:updatable="false" sap:sortable="false" sap:filterable="false"/>
                <Property Name="name" Type="Edm.String" Nullable="false" MaxLength="40" sap:label="Name 1" sap:creatable="false" sap:updatable="false" sap:sortable="false" sap:filterable="false"/>
                <Property Name="uname" Type="Edm.String" Nullable="false" MaxLength="12" sap:label="User Name" sap:creatable="false" sap:updatable="false" sap:sortable="false" sap:filterable="false"/>
            </EntityType>
            <EntityType Name="F4Partner" sap:content-version="1">
                <Key>
                    <PropertyRef Name="bupakey"/>
                    <PropertyRef Name="PARTNROLE"/>
                </Key>
                <Property Name="bupakey" Type="Edm.String" Nullable="false" MaxLength="10" sap:label="BusinessPartner" sap:creatable="false" sap:updatable="false" sap:sortable="false" sap:filterable="false"/>
                <Property Name="PARTNROLE" Type="Edm.String" Nullable="false" MaxLength="6" sap:label="BP role" sap:creatable="false" sap:updatable="false" sap:sortable="false" sap:filterable="false"/>
                <Property Name="name" Type="Edm.String" Nullable="false" MaxLength="40" sap:label="Name 1" sap:creatable="false" sap:updatable="false" sap:sortable="false" sap:filterable="false"/>
            </EntityType>
            <EntityType Name="F4Product" sap:content-version="1">
                <Key>
                    <PropertyRef Name="ProductGuid"/>
                </Key>
                <Property Name="ProductGuid" Type="Edm.Guid" Nullable="false" sap:label="Product GUID" sap:creatable="false" sap:updatable="false" sap:sortable="false" sap:filterable="false"/>
                <Property Name="ProductId" Type="Edm.String" Nullable="false" MaxLength="40" sap:label="Product ID" sap:creatable="false" sap:updatable="false" sap:sortable="false" sap:filterable="false"/>
                <Property Name="ShortText" Type="Edm.String" Nullable="false" MaxLength="40" sap:label="Description" sap:creatable="false" sap:updatable="false" sap:sortable="false" sap:filterable="false"/>
            </EntityType>
            <EntityType Name="F4Country" sap:content-version="1">
                <Key>
                    <PropertyRef Name="Domname"/>
                    <PropertyRef Name="Valpos"/>
                    <PropertyRef Name="Ddlanguage"/>
                </Key>
                <Property Name="Domname" Type="Edm.String" Nullable="false" MaxLength="30" sap:label="Domain" sap:creatable="false" sap:updatable="false" sap:sortable="false" sap:filterable="false"/>
                <Property Name="Valpos" Type="Edm.String" Nullable="false" MaxLength="4" sap:label="Value key" sap:creatable="false" sap:updatable="false" sap:sortable="false" sap:filterable="false"/>
                <Property Name="Ddlanguage" Type="Edm.String" Nullable="false" MaxLength="1" sap:label="Lang." sap:creatable="false" sap:updatable="false" sap:sortable="false" sap:filterable="false"/>
                <Property Name="DomvalueL" Type="Edm.String" Nullable="false" MaxLength="10" sap:label="Lower_value" sap:creatable="false" sap:updatable="false" sap:sortable="false" sap:filterable="false"/>
                <Property Name="DomvalueH" Type="Edm.String" Nullable="false" MaxLength="10" sap:label="Dom.upper limit" sap:creatable="false" sap:updatable="false" sap:sortable="false" sap:filterable="false"/>
                <Property Name="Ddtext" Type="Edm.String" Nullable="false" MaxLength="60" sap:label="Short Descript." sap:creatable="false" sap:updatable="false" sap:sortable="false" sap:filterable="false"/>
            </EntityType>
            <ComplexType Name="PartnerDet">
                <Property Name="PartnerFct" Type="Edm.String" Nullable="false" MaxLength="8" sap:label="Partner Function" sap:creatable="false" sap:updatable="false" sap:sortable="false" sap:filterable="false"/>
                <Property Name="PartnerNo" Type="Edm.String" Nullable="false" MaxLength="32" sap:label="Partner Number" sap:creatable="false" sap:updatable="false" sap:sortable="false" sap:filterable="false"/>
                <Property Name="Fullname" Type="Edm.String" Nullable="false" MaxLength="80" sap:label="Complete name" sap:creatable="false" sap:updatable="false" sap:sortable="false" sap:filterable="false"/>
            </ComplexType>
            <ComplexType Name="TextDet">
                <Property Name="Tdid" Type="Edm.String" Nullable="false" MaxLength="4" sap:label="Text ID" sap:creatable="false" sap:updatable="false" sap:sortable="false" sap:filterable="false"/>
                <Property Name="Tdtext" Type="Edm.String" Nullable="false" sap:label="Long Text" sap:creatable="false" sap:updatable="false" sap:sortable="false" sap:filterable="false"/>
            </ComplexType>
            <ComplexType Name="ProcDet">
                <Property Name="RecordId" Type="Edm.Guid" sap:label="Object GUID" sap:creatable="false" sap:updatable="false" sap:sortable="false" sap:filterable="false"/>
                <Property Name="Zzafld00000s" Type="Edm.String" Nullable="false" MaxLength="60" sap:label="Procedure" sap:creatable="false" sap:updatable="false" sap:sortable="false" sap:filterable="false"/>
                <Property Name="Zzafld00000t" Type="Edm.String" Nullable="false" MaxLength="60" sap:label="Revision" sap:creatable="false" sap:updatable="false" sap:sortable="false" sap:filterable="false"/>
                <Property Name="Zzafld00000u" Type="Edm.String" Nullable="false" MaxLength="4" sap:label="Page" sap:creatable="false" sap:updatable="false" sap:sortable="false" sap:filterable="false"/>
                <Property Name="Zzafld00000v" Type="Edm.String" Nullable="false" MaxLength="60" sap:label="Step" sap:creatable="false" sap:updatable="false" sap:sortable="false" sap:filterable="false"/>
            </ComplexType>
            <Association Name="FieldEvent_Attachment" sap:content-version="1">
                <End Type="ZFIELDEVENT_SRV.FieldEventExt" Multiplicity="1" Role="FromRole_FieldEvent_Attachment"/>
                <End Type="ZFIELDEVENT_SRV.Attachment" Multiplicity="*" Role="ToRole_FieldEvent_Attachment"/>
                <ReferentialConstraint>
                    <Principal Role="FromRole_FieldEvent_Attachment">
                        <PropertyRef Name="Guid"/>
                    </Principal>
                    <Dependent Role="ToRole_FieldEvent_Attachment">
                        <PropertyRef Name="RefGuid"/>
                    </Dependent>
                </ReferentialConstraint>
            </Association>
            <EntityContainer Name="ZFIELDEVENT_SRV_Entities" m:IsDefaultEntityContainer="true" sap:supported-formats="atom json xlsx">
                <EntitySet Name="FieldEventExtSet" EntityType="ZFIELDEVENT_SRV.FieldEventExt" sap:creatable="false" sap:updatable="false" sap:deletable="false" sap:pageable="false" sap:content-version="1"/>
                <EntitySet Name="AttachmentSet" EntityType="ZFIELDEVENT_SRV.Attachment" sap:creatable="false" sap:updatable="false" sap:deletable="false" sap:pageable="false" sap:addressable="false" sap:content-version="1"/>
                <EntitySet Name="F4CodesSet" EntityType="ZFIELDEVENT_SRV.F4Codes" sap:creatable="false" sap:updatable="false" sap:deletable="false" sap:pageable="false" sap:content-version="1"/>
                <EntitySet Name="F4EquipSet" EntityType="ZFIELDEVENT_SRV.F4Equip" sap:creatable="false" sap:updatable="false" sap:deletable="false" sap:pageable="false" sap:content-version="1"/>
                <EntitySet Name="F4PartnerSet" EntityType="ZFIELDEVENT_SRV.F4User" sap:creatable="false" sap:updatable="false" sap:deletable="false" sap:pageable="false" sap:content-version="1"/>
                <EntitySet Name="F4UserSet" EntityType="ZFIELDEVENT_SRV.F4User" sap:creatable="false" sap:updatable="false" sap:deletable="false" sap:pageable="false" sap:content-version="1"/>
                <EntitySet Name="F4PartnerCollection" EntityType="ZFIELDEVENT_SRV.F4Partner" sap:content-version="1"/>
                <EntitySet Name="F4ProductSet" EntityType="ZFIELDEVENT_SRV.F4Product" sap:creatable="false" sap:updatable="false" sap:deletable="false" sap:pageable="false" sap:addressable="false" sap:content-version="1"/>
                <EntitySet Name="F4CountrySet" EntityType="ZFIELDEVENT_SRV.F4Country" sap:creatable="false" sap:updatable="false" sap:deletable="false" sap:pageable="false" sap:content-version="1"/>
                <AssociationSet Name="FieldEvent_AttachmentSet" Association="ZFIELDEVENT_SRV.FieldEvent_Attachment" sap:creatable="false" sap:updatable="false" sap:deletable="false" sap:content-version="1">
                    <End EntitySet="FieldEventExtSet" Role="FromRole_FieldEvent_Attachment"/>
                    <End EntitySet="AttachmentSet" Role="ToRole_FieldEvent_Attachment"/>
                </AssociationSet>
            </EntityContainer>
            <atom:link
                xmlns:atom="http://www.w3.org/2005/Atom" rel="self" href="./sap/ZFIELDEVENT_SRV/$metadata"/>
                <atom:link
                    xmlns:atom="http://www.w3.org/2005/Atom" rel="latest-version" href="./sap/ZFIELDEVENT_SRV/$metadata"/>
                </Schema>
            </edmx:DataServices>
        </edmx:Edmx>